,name,seq,labels
0,5DN6_A,GIQAAEISAILKDQIKNFGQDAEVAEVGQVLSVGDGIARVYGLDKVQAGEMVEFPGGIRGMVLNLETDNVGVVIFGDDRDIKEGDTVKRTGAIVEVPAGKELLGRVVDALGNPIDGKGPLNASERRIADVKAPGIMPRKSVHEPMATGLKSVDAMIPVGRGQRELIIGDRQTGKTAIALDTILNQANYNGMKTLHCIYVAVGQKRSTVAQLVKKLEETGAMAYTTVVAATASDPAPMQYLAPYSATAMGEYFRDNGMDALIIYDDLSKQAVAYRQMSLLLRRPPGREAYPGDVFYLHSRLLERSAKLNEANGAGSLTALPIIETQAGDVSAYIPTNVISITDGQIFLETELFFQGIRPAVNTGLSVSRVGSAAQTKAMKSVAGPVKLELAQYREMAAFAQFGSDLDAATQKLLNRGARLTELMKQPQYSPLTNAEIVIVIYAGTKGYLDGIPVRDVTKWEHGLLQYLRNQKADLLEDMTKNDRKVAGELEDAIKAALDGYAKTYA,0000000000000000000000000000000000000000000000000000000000000000000000000000000000000000000000000000000000000000000000000000000000000000000000000000000000000000000000000100111100000000000000000000000000000000000000000000000000000000000000000000000000000000000000000000000000000000000000000000000000000000000000000000000000000000000000000000000000000001000001000000000000000000000000000000000000000000000000000000000000000000101000000000000000000000000000000000000000000000000000000000000000000000000000000
1,3J8Y_K,AESNIKVMCRFRPLNESEVNRGDKYIAKFQGEDTVVIASKPYAFDRVFQSSTSQEQVYNDCAKKIVKDVLEGYNGTIFAYGQTSSGKTHTMEGKLHDPEGMGIIPRIVQDIFNYIYSMDENLEFHIKVSYFEIYLDKIRDLLDVSKTNLSVHEDKNRVPYVKGATERFVSSPDEVMDTIDEGKSNRHVAVTNMNEHSSRSHSIFLINVKQENTQTEQKLSGKLYLVDLAGSEKVSKTGAEGAVLDEAKNINKSLSALGNVISALAEGSTYVPYRDSKMTRILQDSLGGNCRTTIVICCSPSSYNESETKSTLLFGQRAKTIKNTVSVNVE,000000000101100000000000000000000000000000000000000000000000000000000000000000000011111110000000000000000000000000000000000000000000000000000000000000000000000000000000000000000000000000000000010111000000000000000000000000000000010000000000000000000000000000000000000000000000000000000000000000000000000000000000000000000000000000
2,4XVU_H,TVEPNLHSLITSTTHKWIFVGGKGGVGKTTSSCSIAIQMALSQPNKQFLLISTNPAHNLSDAFGEKFGKDARKVTGMNNLSCMEIDPSAALKDMNDMGALADLTGSIPGIDEALSFMEVMKHIKRQEQGETFDTVIFDTAPTGHTLRFLQLPNTLSKLLEKFGEITNKLGISGKLNELKANVETIRQQFTDPDLTTFVCVCISEFLSLYETERLIQELISYDMDVNSIIVNQLLFAENDQEHNCKRCQARWKMQKKYLDQIDELYEDFHVVKMPLCAGEIRGLNNLTKFSQFLNKEYNPITDGKVIYELED,00000000000000000000001111111100000000000000000000000100000000000000000000000000000000000000000000000000000000000000000000000000000000000000100000000000000000000000000000000000000000000000000000000000010111000000000000000000000000110000000000000000010000000000000000000000011100010000000010000000000000000000000
3,5D15_B,MGSRVVILFTDIEESTALNERIGDRAWVKLISSHDKLVSDLVRRQSGHVVKSQGDGFMVAFARPEQAVRCGIELQRALRRNANEIRVRIGIHMGRSVRRGDDLFGRNVAMAARVAAQAAGGEILVSQPVRDALSRSDGIRFDDGREVELKGFSGTYRLFAVLAS,00000000101111111000000000000000000000000000000000101110010000000000000000000000000000010000000000000111000110011000000000000000000000000000000000000100000000000000
4,4RX6_B,SGQMFKVEIVTRPANFEKLKQELGKIGVTSLTFSNVHGCGLQKAHTELYRGVKIESNVYERLKIEIVVSKVPVDQVTETAKRVLKTGSPGDGKIFVYEISNTINIRTGEEGPEAL,0000000001000000000000000000011100000110000000000000000000101000111000000000000000000000111110100000000101000000001
5,4XBR_A,LNRGRSRQPLVLGDNCFADLVHNQRVSHEQFRAALQLVVDPGDPRSYLDNFIKIGEGSTGIVCIATVRSSGKLVAVKKMDLRKQQRRELLFNEVVIMRDYQHENVVEMYNSYLVGDELWVVMEFLEGGALTDIVTHTRMNEEQIAAVCLAVLQALSVLHAQGVIHRDIKSDSILLTHDGRVKLSDFGFCAQVSKEVPRRKLVGTPYWMAPELISRLPYGPEVDIWSLGIMVIEMVDGEPPYFNEPPLKAMKMIRDNLPPRLKNLHKVSPSLKGFLDRLLVRDPAQRATAAELLKHPFLAKAGPPASIVPLMRQNR,000000000000000000000000000000000000000000000000000000001111010000000000001010000000000000001000000000000000000000000000011110000000000000000000000000000000000000000010000001000000000010110000000000000000000000000000000000000000000000000000000000000000000000000000000000000000000000000000000000000000000000000000000
6,5EWG_A,GPHMATGQDRVVALVDMDCFFVQVEQRQNPHLRNKPCAVVQYKSWKGGGIIAVSYEARAFGVTRSMWADDAKKLCPDLLLAQVRESRGKANLTKYREASVEVMEIMSRFAVIERASIDEAYVDLTSAVQERLQKLQGQPISADLLPSTYIEGLPQVQKEGMRKQGLFQWLDSLQIDNLTSPDLQLTVGAVIVEEMRAAIERETGFQCSAGISHNKVLAKLACGLNKPNRQTLVSHGSVPQLFSQMPIRKIRSLGGKLGASVIEILGIEYMGELTQFTESQLQSHFGEKNGSWLYAMCRGIEHDPVKPRQLPKTIGCSKNFPGKTALATREQVQWWLLQLAQELEERLTKDRNDNDRVATQLVVSIRVQGDKRLSSLRRCCALTRYDAHKMSHDAFTVIKNCNTSGTEWSPPLTMLFLCATKFSAS,00000000000000011111100000000000000000000000000000100010010000010000000000000000000000000000000000000000000000000000110000000000000000000000000000000000000000000000000000000000000000000000000000000000000000000000000000000000010000000000000000000000000000000000000000000000000000000000000000000000000000000000000000000000000000000000000000000000000000000000000000000000000000000000000000000000000000000000000000000000000000000
7,5DB4_A,RRRLGVMGGTFDPIHNGHLVAASEVADRFALDEVIFVPTGQRKVSPAEHRYLMTVIATASNPRFTVSRADIDRGGATYTVDTLTDLRTAHPDADLYFITGADALASILSWENWEQLFTLAKFIGVSRPGYELSGLSLVEVPALAISSTDCRIRAGQARPIWYLVPDGVVQYVAKHRLYS,00000011111000101100000000000000000000000100000000000000000000000000000000000000000000000000000000110110000000000000000000000110000000000000001011110010000000000000000000000000000
8,4S1K_A,ADLSLARQRLTDESVNEAPRAYDANMELVIVAEYPEGQCKSFHFANPFVIKGVIKSSELMWDIDNGHQMSEYELQRSINGYAASHSNMRQRSAINRIPKKLSFYLRGNVDWNKASIDIRGPTGLSMRQTEEYSLDRIRPPCSYKRNKFVDLPSCGGRCEKAWYVELDGRPVSIAVIVPRNMHNGINLYAGPLLGNVIEGLDTVPECTQWFDNAPELYAYHASNYGMTMLDQFSVIH,00000000000000000000000000000000000000000000000000000000000000000000000000000000000000000000000000000000000000000000000000000000000000000000000000000111111110000000000000000000000000000000000000000000000000000000000000000000000010001000
9,4YDS_A,MIISTGNDDLDRRLGGIPYPASIMIEGDHGTGKSVLSAQFVLGFLLSDKKGYVITTEQTTKDYLIKMKEIKIDLIPYFIRGKLRIAPLNTKKFNWNSSLAEKILDVIVNFIRSKNIDFIVIDSLSILAAFSKEKQLLQFMKDIRVLVNTGKMILFTIHPDTFDEEMKSKITSIVDVYLKLSAATIGGRRVKILERVKTTGGISGSDTISFDVDPALGIKVVPLSLS,0000000000000000000000000001111111100000000000000000000010000000000001000000000000000000000000000000000000000000000000000000000000000000000000000000000000000000000000000000000000000000000000100000000000000000000101000000000000
10,4X2D_A,SFLDKLIETKNSLYNVLKHNFLYHANKIAGSTFTTEALALLLDKNVVTGRHTLDDVQETVNSSYVFDTVIDSLKEKITHNFLRNLHSSLIFNTTLHSRGMAGIYKTIPNMILGTDVSIAQPFEVEPKLDELIEWYYSQSEVSIKVIAEFHYRFELIHPFQDGNGRIGRFVMLKQMLENNLPIKIVSWDSEDLYRNSLNSCSLGNYVPLIEYLSSLEDFREVYKMLWK,00000000000000000000000000011000000000000000000000000000000000000000000000000000000000000000000000000000000000100000000000000000000000000000000000000000010010001111100100000000000000000000000011001100000000000000000000000000000
11,5BSM_A,VDIIFRSKLPDIYIPNHLPLHSYCFENISEFSSRPCLINGANKQIYTYADVELNSRKVAAGLHKQGIQPKDTIMILLPNSPEFVFAFIGASYLGAISTMANPLFTPAEVVKQAKASSAKIIVTQACHVNKVKDYAFENDVKIICIDSAPEGCLHFSVLTQANEHDIPEVEIQPDDVVALPYSSGTTGLPKGVMLTHKGLVTSVAQQVDGENPNLYIHSEDVMLCVLPLFHIYSLNSVLLCGLRVGAAILIMQKFDIVSFLELIQRYKVTIGPFVPPIVLAIAKSPMVDDYDLSSVRTVMSGAAPLGKELEDTVRAKFPNAKLGQGYGMTEAGPVLAMCLAFAKEPFEIKSGACGTVVRNAEMKIVDPKTGNSLPRNQSGEICIRGDQIMKGYLNDPEATARTIDKEGWLYTGDIGYIDDDDELFIVDRLKELIKYKGFQVAPAELEALLLNHPNISDAAVVPMKDEQAGEVPVAFVVRSNGSTITEDEVKDFISKQVIFYKRIKRVFFVDAIPKSPSGKILRKDLRAKLA,00000000000000000000000000000000000000000000000000000000000000000000000000000000000000000000000000000000000000000000000000000000000000000000000000000000000000000000000000000000000001111100010000000000000000000000000000000000000001000000000000000000000000000000000000000000000000000000000000000000000001110000000000000000000111111000000000000000000000001000000000000000000000000000000000000000000000000000000000001000000000001001000000000000000000000000000000000000000000000000000000000000000000000000000000000000000000100000000000
12,5CYR_B,PTRLSLEAMLAERAMVARQDLAGLKRKLAGADRVLAPQSPEQCGRESAQAQARSVTSELKSAVKEAQGLEHQTLDFLEQLGEYPVCGILHGDHPVHPSGTHNNNGKVSVKRQFAAGVNTSDALTCAFRFEDSDLVRETALKTTYTDGTWAGFVQRLKMQTTRKCVQEKVSRKLLKQLFPYDPQKLVDVSGELSELVLGIKTNAIASAGPPYWRTKRDALPDMLDCVLPLLYDHIVRKDLTTLRNKHPELFLAECKNKTDRYEVESLGEKTRPYFSHPFHLSALVSVLSQSFSGALKIMTEDSTSFNAYGFSWTNGGAEDLAIWARQAGEAGKKPPRIACYGDDTDIYYRKDGKLYRICPDFKQMDGSVDATTIEAVVDYVVDAHVKQYPTARQFWEEVGKLWVEMATQSPFLIDGTKVYRKMQKDGLMTGVVGTTLFDTVKSALAYNDWADQLMFGSLNLLEEKYAIEFFKNKHGLVIKEGTWKPALVNEDPGFGELWTEQKFLGLQLKVVRRENEKVYVPNLPFEDWLTMWVTPRSKYRSKETETMRERTLFDRARGLLVTGAVFDERARGLMGAVINSTAPEVVCMRVQEGGGRGAPPAYAFLTRDGVFEFPISDGYPSYDWVVSLYSRDHPCDMPRVFPEAATLIASYRKQVMDTRVVIKE,0000000000000000000000000000000000000000000000000000000000000000000000000000000000000000000000000000000000000000000000000000000000000000000000000000000000100000000000000000000000000000000000000000000000000000000000000000000000000000000000000000000000000000000000000000101000000000000000000000000000000000000000000000000000000000000000000000011000000000000000001110000000000000000000000000000000000000000000000000000000000000000000000000000000000000000000000000000000000000000000100000000000000000000000011000000000000000000000000000000000000000000000000000000000000000000000000000000000000000000000000101000000000000000000000000000000000000000000000000000000000000
13,5E84_F,SEDVGTVVGIDLGTTYSCVGVFKNGRVEIIANDQGNRITPSYVAFTPEGERLIGDAAKNQLTSNPENTVFDAKRLIGRTWNDPSVQQDIKFLPFKVVEKKTKPYIQVDIGGGQTKTFAPEEISAMVLTKMKETAEAYLGKKVTHAVVTVPAYFNDAQRQATKDAGTIAGLNVMRIINEPTAAAIAYGLDKREGEKNILVFDLGGGAFDVSLLTIDNGVFEVVATNGDTHLGGEDFDQRVMEHFIKLYKKKTGKDVRKDNRAVQKLRREVEKAKRALSSQHQARIEIESFYEGEDFSETLTRAKFEELNMDLFRSTMKPVQKVLEDSDLKKSDIDEIVLVGGSTRIPKIQQLVKEFFNGKEPSRGINPDEAVAYGAAVQAGVLSGDQDTGDLVLLDVCPLTLGIETVGGVMTKLIPRNTVVPTKKSQIFSVGGTVTIKVYEGERPLTKDNHLLGTFDLTGIPPAPRGVPQIEVTFEIDVNGILRVTAEDKGTGNKNKITITNDQNRLTPEEIERMVNDAEKFAEEDKKLKERIDTRNELESYAYSLKNQIGDKEKLGGKLSSEDKETMEKAVEEKIEWLESHQDADIEDFKAKKKELEEIVQPIISK,000000000010111100000000000000000000000000000000000000000000000000000000100000000000000000000000000000000000000000000000000000000000000000000000000000000000000000000000000000000100000000000000000000000011110000000000000000000000000100000000000000000000000000000000000001001100100000000000000000000000000000000000000000000000000000000000000111011000000000000000000000000000000000000000000000000000000000000000000000000000000000000000000000000000000000000000000000000000000000000000000000000000000000000000000000000000000000000000000000000000000000000000000000000000000000000000000000000000000000000000000000
14,4ZGN_A,LVPRGSHMTLILTKNQVLHCQFSSWYSLFRKLTPKAKVIKPIPATVLKYLHEDSIYVEQAYYPEREAIQLIEKAIKELGGAVVPKLNWSTPKDALWITTTGSLKCTTAEEVLLLLKSSDFVAHDLNHAFDDCKDFDNADPKDFSFELVLKEWFPMHASTEFRCFVKSKRLIAFCQRDDNYYEFLKENIDCYEKLISDLLKKLDTFPDPDFVFDVYIHKDRAWLIDINPFYPRTDGLLFSWSELESMNSENMKPEIRLIPKASEGENLLEFAQKWQDLTN,000000000000000000000000000000000000000000000000000000000000000000000000000000000010100111010000000000100000000000000000000000000000000000000000000001111010000101000000000000010000000000000000000000000000000000000000000000011010000000000000000000000000000000000000000000000000000
15,5D6J_A,MPFHNPFIKDGQIKFPDGSSIVAHVERWAKVRGDKLAYRFLDFSTERDGVPRDLTWAQFSARNRAVAARLQQVTQPGDRVAILCPQNLDYLVAFFGALYAGRIAVPLFDPSEPGHVGRLHAVLDNCHPSAILTTTEAAEGVRKFFRTRPANQRPRVIAVDAVPDDVASTWVNPDEPDETTIAYLQYTSGSTRIPTGVQITHLNLATNVVQVIEALEGEEGDRGLSWLPFFHDMGLITALLAPMIGHYFTFMTPAAFVRRPERWIRELARKEGDTGGTISVAPNFAFDHAAARGVPKPGSPPLDLSNVKAVLNGSEPISAATVRRFNEAFGPFGFPPKAIKPSYGLAEATLFVSTTPSAEEPKIITVDRDQLNSGRIVEVDADSPKAVAQASAGKVGIAEWAVIVDAESATELPDGQVGEIWISGQNMGTGYWGKPEESVATFQNILKSRTNPSHAEGATDDATWVRTGDYGAFYDGDLYITGRVKDLVIIDGRNHYPQDLEYSAQEASKAIRTGYVAAFSVPANQLPDEVFENAHSGIKRDPDDTSEQLVIVAERAPGAHKLDIGPITDDIRAAIAVRHGVTVRDVLLTAAGAIPRTSSGKIGRRACRAAYLDGSLRAGKVANDFPDATD,000000000000000000000000000000000000000000000000000000000000000000000000000000000000000000000000000000000000000000000000000000000000000000000000000000000000000000000000000000000000000000111111000000000000000000000000000000000000000000000000000000000000000000000000000000000000000000000000000000000000000000000000011100000000000000000000000001111100000000000000000000000000000000000000000000000000000000000000000000000000000000000000000000000000000000000000000000000000100000000001001000000000000000000000000000000000000000000000000000000000000000000000000000000000000000000000000000000000000000000000000000000000000000000000000000
16,4XJX_B,NFIVLDKYIKAEPTGDSYQSESDLERELIQDLRNQGYEFISVKSQSAMLANVREQLQNLNGVVFNDSEWRRFTEQYLDNPSDGILDKTRKIHIDYICDFIFDDERLENIYLIDKKNLMRNKVQIIQQFENRYDVTILVNGLPLVQIHLKKRGVAIREAFNQIHFNSENSLFKYLQLFVISNGTDTRYFANTTKRDKNSFDFTMNWAKSDNTLIKDLKDFTATCFQKHTLLNVLVNYSVFDSSQTLLVMRPYQIAATERILWKIKSSFTAKNWSKPESGGYIWHTTGSGKTLTSFKAARLATELDFIDKVFFVVDRKDLDYQTMKEYQRFSPDSVNGSENTAGLKRNLDKDDNKIIVTTIQKLNNLMKAESDLPVYNQQVVFIFDECHRSQFGEAQKNLKKKFKRYYQFGFTGTPIFPENALGSETTASVFGRELHSYVITDAIRDEKVLKFKVDYNDVRPQFKSLETETDEKKLSAAENQQAFLHPMRIQEITQYILNNFRQKTHRTFPGSKGFNAMLAVSSVDAAKAYYATFKRLQEEAANKSATYKPLRIATIFSFAANEEQNAIGEISDETFDTSAMDSSAKEFLDAAIREYNSHFKTNFSTDSNGFQNYYRDLAQRVKNQDIDLLIVVGMFLTGFDAPTLNTLFVDKNLRYHGLMQAFSRTNRIYDATKTFGNIVTFRDLERSTIDAITLFGDKNTKNVVLEKSYTEYMEGFTDAATGEAKRGFMTVVSELEQRFPDPTSIESEKEKKDFVKLFGEYLRAENILQNYDEFATLKALQQIDLSDPVAVEKFKAEHYVDDEKFAELQTIRLPADRKIQDYRSAYNDIRDWQRRETTDWDDVVFEVDLLKSQEINLDYILGL,00000000000000000000000000000000000000000000000000000000000000000000000000000000000000000000000000000000000000000000000000000000000000000000000000000000000000000000000000000000000000000000000000010000000000000000000000000000000000000000000000000111100100000000000000000000000000000000111111100000000000000000000000000000000000000000000000000000000000000000000000000000000000000000000000000000000000000000000000000000000000000000000000000000000000000000000000000000000000000000000000000000000000000000000000000000000000000000000000000000000000000000000000000000000000000000000000000000000000000000000000000000000000000000000000000000000011010000000000000000000000010010000000000000000000000000000000000000000000000000000000000000000000000000000000000000000000000000000000000000000000000000000000000000000000000000000000000000000000000000000000000000000000000000000
17,5E3I_B,SIVAIKGFNDVLPTQTAAWRRLEQHLASLMDAYGYQQIRLPIVEQTGLFKRAIGDATDIVEKEMYTFFDKGNPPESLTLRPEGTAGCVRALVEHNLLRGATPRVWYMGPMFRYEKPQKGRYRQFHQFGVETFGVATPDIDAELIMLTARLWKRMGVDHMVQLELNTLGETDERTEYRNALVAFLNEKILENAPKLHDFLKEDSLSHFQQLQDYLTAAGIKFVINQKLVRGLDYYNKTVFEWTTTALGSQGTVCAGGRYDGLVGQLKGKADQSVPAVGFAMGMERLLLLLEQVEQAEIVRDCEAFLVAEPAYQSKALVLAEQLRDQLEAANSNIRIKTGSQGSMKSQMKKADQAGAVYAIILGEREWEAQQLAVKELATAEQSQVALAELVPFLIEKFT,00000000000000000000000000000000000000000000000000000000000000000000000000000000000000000000000000000000000000010100001110010100000000000000000000000000000000000000000000000000000000000000000000000000000000000000000000000000000010000000000000000000001101000000000000000000000000001001000000000000000000000000000000000000000000000000000000000000000000000000000000000000000000000000000000000000000000
18,5ETL_D,AMTVAYIAIGSNLASPLEQVNAALKALGDIPESHILTVSSFYRTPPLGPQDQPDYLNAAVALETSLAPEELLNHTQRIELQQGRVRKAERWGPRTLDLDIMLFGNEVINTERLTVPHYDMKNRGFMLWPLFEIAPELVFPDGEMLRQILHTRAFDKLNKW,0000000000000000000000000000000000000000000000000000000000000000000000010001000000010100001001001011000000000001111011000010000000000000000000000000000000000000
19,4WZY_A,TLAFGDWIVHRRWYAGRSRELVSAEPAVVTPLRDDLDHILLDVTYTDGTVERYQLVVRWADSPVAGFGEAATIGTALGPQGERIAYDALFDPDAARHLLRLVDASATVADLRFTREPGATLPLYAPPKVSSAEQSNTSVIFGKDAMLKVFRRVTPGINPDIELNRVLAQAGNRHVARLLGSFETSWAGPGTDRCALGMVTAFAANSAEGWDMATASAREMFADVVGSDFADESYRLGNAVASVHATLAEALGTSTEPFPVDTVLARLQSAARSAPELAGRAAAVEERYRRLDGRAITVQRVHGDLHLGQVLRTPDDWLLIDFEGEPGQPLDERRRPDSPLRDVAGVLRSFEYAAYQKLVELAPEQDADGRLADRARNWVDRNSAAFCAGYAAVAGDDPRRDGDVLAAYELDKAVYEAAYEARFRPSWLPIPMRSIDRILGKLAAALEHHHH,0000000000000000000000000000000000000000000000000000000000000000000000000000000000000000000000000000000000000000000000000000000000001000000000000101000000000000000000000000000100000000000000000000000011100001000000000000000000000000000000000000000000000000000000000000000000000000000000000000000000000000000000100000000110000000000000000000000000000000000000000000000000000000000000000000000000000000000000000000000000000000000000000000000000000000000
20,4RQV_A,PPQPRKKRPEDFKFGKILGEGSFSTVVLARELATSREYAIKILEKRHIIKENKVPYVTRERDVMSRLDHPFFVKLYFTFQDDEKLYFGLSYAKNGELLKYIRKIGSFDETCTRFYTAEIVSALEYLHGKGIIHRDLKPENILLNEDMHIQITDFGTAKVLSPESKQARANFVGTAQYVSPELLTEKSACKSSDLWALGCIIYQLVAGLPPFRAGNEGLIFAKIIKLEYDFPEKFFPKARDLVEKLLVLDATKRLGCEEMEGYGPLKAHPFFESVTWENLHQQTPPKLT,000000000000000001111101010000000000001010000000000000000000000000000000100000000000000011110001000000000000000000000000000000000000000000100100000000011000000000000000000000000000000000000000000000000000000000000000000000000000000000000000000000000000000000000000000000000000000000000000
21,3J94_A,FEKMGIGGLDKEFSDIFRRAFASRVFPPEIVEQMGCKHVKGILLYGPPGCGKTLLARQIGKMLNAREPKVVNGPEILNKYVGESEANIRKLFADAEEEQRRLGANSGLHIIIFDEIDAICHDTVVNQLLSKIDGVEQLNNILVIGMTNRPDLIDEALLRPGRLEVKMEIGLPDEKGRLQILHIHTARMRGHQLLSADVDIKELAVETKNFSGAELEGLVRAAQSTAMNRHIDFLASLENDIKPAFGTNQEDYASYIMNGIIKWGDPVTRVLDDGELLVQQTKNSDRTPLVSVLLEGPPHSGKTALAAKIAEESNFPFIKICSPDKMIGFSETAKCQAMKKIFDDAYKSQLSCVVVDDIERLLDYVPIGPRFSNLVLQALLVLLKKAPPQGRKLLIIGTTSRKDVLQEMEMLNAFSTTIHVPNIATGEQLLEALELLGNFKDKERTTIAQQVKGKKVWIGIKKLLMLIEMSLQMDPEYRVRKFLALLREEG,0000001000000000000000000000000000000000000000000111110000000000000000000000000000000000000000000000000000000000010000000000000000000000000000000000000000000000000000000000000000010000000000000000000000000000000110010000000000000000000000000000000000000011111110000000000000000000000000000000000001101111100000000000000000000000000000000000000000000000000000000000000000000000000000010000000000000000000000000000000000000000000000000000000000000000000000000001100100000000000000000000000000
22,4WVY_A,ISEVRGNTRDHRTAAHTHIKGLGLNSSGIAEKQAAGFVGQCAAREACGVVVDLIKAHKMAGRGVLLAGGPGTGKTALALAISQELGTKIPFCPITGSEIYSTEVKKTEVLMENFRRAIGLRVRETKDVYEGEVTEMTPETLLIGLKSARGQKKLRLDPSIYEAIQKERVQVGDVIYIETNTGACKRVGRSDAYATEFDLEAEEYVPIPKGEVHKKKEIVQDVTLHDLDVANARPIISMMGQLMKPKMTEITDKLRMEINKVVQKYINQGVAELIPGVLFIDEAHMLDIECFTYLNKALESPIAPIVVLASNRGIATIRGADDLKAAHGIPPDFLQRLLIIPTHPYEPDEIRRIVRIRAQTEGVQLTDAAVDRVAEHGVRISLRYCLQLLAPASILARVNGRTQVDVQDIAEAEELFLDARRSANILT,0000000000000011001000000000000000011100000000000000000000000000000011111111000000000000000000000000000000000000000000000000000000000000000000000000000000000000000000000000000000000000000000000000000000000000000000000000000000000000000000000000000000000000000000000000000000000000100000000000000000000000000000000000000000000000000000000000000010000000100010000000000000000000000001100100000000000000000000000000000000000000000
23,5A98_A,MEDYTLREREQEIYNRQVIKRPFDPDSYLTADLHLYLKNGKTLTIHIERNLFFSHEFTWEEICRGKCDTQEYIDGLVADNGGRSTHNSSYLEPVAFQLTLLGNFDLGSIHLRIGDYLGFRDGQRFPCKETIHGRRDTIGPFMQGMSGKWAKEDYIHTYSGRFDCKTSRHPSIFLAFMRANQDGHSSFAPENMRNALLYSGDKSPRYILMDNEHTLINNFIIPRCLPYRDQYGKDY,0000000001000100000110100000000000000000000000000000000000000000000000000000000000000000000000000000000000000000000000000000000000000000000000000000000110000000000000000000000000000000000000000000000000000000000000000000000000000000000
24,4YB7_A,NTRLRIAIQKSGRLSKESIELLSECGVKMHIHEQSLIAFSTNLPIDILRVRDDDIPGLIFDGVVDLGIIGENVLEENELERQSLGENPSYKLLKKLDFGYCRLSLALPQENKFQNLKDFEGLRIATSYPQLLKRFMKENGINYKNCTLTGSVEVAPRANLADAICDLVSSGATLQANNLKEVKVIYESRACLIQKENALSKEKQALVDKIMLRVAGVMQARESKYIMLHAPKEKLDKIQALLPGVERPTILPLAHDEKNVALHMVSKENLFWETMEALKEEGASSILVLPIEKMLK,00000000100111000000000000000000000000000000000000111000000000000000010110000000000000000000000000111000000000000000000000000000000000000000000000000000000000000000001010000000000000000000000000000000000000000000000000000000000000000000000000000000000000000000000000000000000000000000000000000000
25,5ECK_A,TFDMNRVIDEFDEMTRNAHQVQKQTLKEILLKNQSAIYLQNCGLNGNATDPEEAFKSMVPLVTDVELEPYIKRMVDGDTSPILTGHPVPAISLSSGTSQGRPKFIPFTDELMENTLQLFRTAFAFRNRDFPIDDNGKALQFIFSSKQYISTGGVPVGTATTNVYRNPNFKAGMKSITSPSCSPDEVIFSPDVHQALYCHLLSGILFRDQVQYVFAVFAHGLVHAFRTFEQVWEEIVTDIKDGVLSNRITVPSVRTAMSKLLTPNPELAETIRTKCMSLSNWYGLIPALFPNAKYVYGIMTGSMEPYVPKLRHYAGDLPLVSHDYGSSEGWIAANVTPRLSPEEATFAVIPNLGYFEFLPVSETGEGEEKPVGLTQVKIGEEYEVVITNYAGLYRYRLGDVVKVIGFYNNTPQLKFICRRNLILSINIDKNTERDLQLSVESAAKRLSEEKIEVIDFSSYIDVSTDPGHYAIFWEISGETNEDVLQDCCNCLDRAFIDAGYVSSRKCKTIGALELRVVAKGTFRKIQEHFLGLGSSAGQFKMPRCVKPSNAKVLQILCENVVSSYFSTAF,00000000000000000000000000000000000000000000000000000000000000000000000000000000000000000111100000000000011000110010000000000000000000000000000000000000000011100110000000000000000000000000000000000000000000000000000000000000000000000000000000000000000000000000000000000000000000000000000000000000000000000000000000000000000011100100000000000000000000000000000000000000000000000000000000000000000000000000000000000000000000000000000000000000000000000000000000000000000000000000000000000000000000000000000000000000000000000000000000000000000000000000001000000000000000000
26,5DN3_A,KRQWALEDFEIGRPLGKGKFGNVYLAREKQSKFILALKVLFKAQLEKAGVEHQLRREVEIQSHLRHPNILRLYGYFHDATRVYLILEYAPLGTVYRELQKLSKFDEQRTATYITELANALSYCHSKRVIHRDIKPENLLLGSAGELKIADFGWSVHAPSSRRTLCGTLDYLPPEMIEGRMHDEKVDLWSLGVLCYEFLVGKPPFEANTYQETYKRISRVEFTFPDFVTEGARDLISRLLKHNPSQRPMLREVLEHPWITANSSK,000000000000001111111010000000000001010000000000000000001000000000000100000000000000001010001000000000000000000000000000000000000000000110100000000001010000000000000000000000000000000000000000000000000000000000000000000000000000000000000000000000000000000000000000
27,4RV7_C,NSSSYGSRIEREQHHLIESIEKSTQYMAKRRIGALISVARDTGMDDYIETGIPLNAKISSQLLINIFIPNTPLHDGAVIIKGNEIASAASYLPLSDSPFLSKELGTRHRAALGISEVTDSITIVVSEETGGISLTKGGELFRDVSEEELHKILLKELVTVT,00000000000000000000000000000000000000000000000000000000000010001000000001110000000000000111000000000000011101000000000000001111000000000000000000000000000000000
28,5EOU_B,NTLLGIDISSTSVKLLELSRSGGRYKVEAYAVEPLPPNAVVEKNIVELEGVGQALSRVLVKAKTNLKSAVVAVAGSAVITKTIEMEAGLSEDELENQLKIEADQYIPYPLEEVAIDFEVQGLSRNPERVDVLLAACRKENVEVREAALALAGLTAKVVDVEAYALERSYALLSSQLDTDQLTVAVVDIGATMTTLSVLHNGRTIYTREQLFGGRQLTEEIQRRYGLSVEEAGLAKKQGGLPDDYDSEVLRPFKDAVVQQVSRSLQFFFAAGQFNDVDYIVLAGGTASIQDLDRLIQQKIGTPTLVANPFADMALNGKVNAGALASDAPALMIACGLALRSFDSMARINLLPW,0000000011110100000000000000000000000000000000000000000000000000000000000000000000000000000000000000000000000000000000000000000000000000000000000000000000000000000000000000000000000000000011110000000000000000000000000000000000000000001100000000000000000000000000000000000000000000001110110000000000000000000000000000000000000000000000000000000000000000
29,5COU_A,MGVRKLATIRTAGEITPIAGAEAIECCHVDGWTCVIKKGEFKQGDRGVYFEIDSFIKEDNDRYPMLSKQVIDYEGQRGTRLRTARLRGQLSQGLFLPMDRFPELASNQVGDDVTEILGITKWEPPISTNLSGEILGEFPTFISKTDQERVQNLIPQIEENKGQKFEVTVMLDGSSMTVYRKDDHIGVCGRNWELRETATNAQWHAARRNKMIEGLQFLNRNLALQGEIIGESIQGNLEKLKGQDFYLFDIYDIDKAQYLTPIERQSLVKQLNDNGFTVKHVPILDDLELNHTAEQILAMADGPSLNKNVKREGLVFKRLDGKFSFKAISNAYLEKHKDR,000100000000000000000000000000000000000000000000000010000000000000000000000000000000000000000000000000000000000000000000100000000000000000000000100010000000000000000001111000100000000000000000000000000000000000000000000000000010000000000000000000010000000000000000000000000000000010000000000000000000000000000000001010000000010100000000000
30,5N9X_A,GATLVDLFSRAAMEMPDRTALHIDDEKISYGLLHSWAEGLADLLHDAGVRKGDRVALRMPPGANAIAAMLGILRAGAAYVPLDIRNPPARNAFIVTDSQVVALVGDPIPEYTGPLVTEENVAALRPGPERPGPQDVAYIIYTSGTTGRPKGVPVRHGNVTALFEACSRLFSFSADDRWLLFHSMAFDFSVWEIWGALSTGAELVVLPYWTARTPVETARVVRDRGITVLNQTPTAFGALTTAVLGEGIDLPELRYVVFGGEKLTPAVVRPWAKRFGLDRPHLINMYGITETTVHATFHRLTEDDLAAEDSVIGRPLPGFTHRIVTEDGRDAATGEPGELWLAGPQVSEGYLNRPELTAERFTTGPPPRYYHSGDLVSRRAGGDLVYQGRADLQVKLRGHRIELSDVEAAVRTHPAVVDAVVWVHEFAPGDSRLVCAYTAPDARALRAHVKTVLPSYMQPSQYLALPELPRTINGKADRASVARAFDERR,000000000000000000000000000000000000000000000000000000000000000000000000000000000000000000000000000000000000000000000000000000000000000000000110000001000000000000000000000000000000000000000000000000000000000000000000000000000000000000000000000000000000000000011100000000000000000000011111110000000000000000000000000000000000000000000000000000000000000000000000000000000000010000000000010010000000000000000000000000000000000000000000000000000000000000000000000000000000000000100000000000000
31,4D79_C,SVVISDAWRQRFGGTARLYGEKALQLFADAHICVVGIGGVGSWAAEALARTGIGAITLIDMDDVCVTNTNRQIHALRDNVGLAKAEVMAERIRQINPECRVTVVDDFVTPDNVAQYMSVGYSYVIDAIDSVRPKAALIAYCRRNKIPLVTTGGAGGQIDPTQIQVTDLAKTIQDPLAAKLRERLKSDFGVVKNSKGKLGVDCVFSTEALVYPGFGAATMVTATFGFVAVSHALKKMMAKAARQGLEHHHHH,00000000000000000000000000000000001101100000000000000000001101000001001100000000000100000000000000000000001100000000000000000011110010000000000000000000000000000000000000000000000000000000000000000000000000000000000000000000000000000000000000000000000
32,5D9H_B,AVGWPICRDAYELQEVIGSGATAVVQAALCKPRQERVAIKRINLEKCQTSMDELLKEIQAMSQCSHPNVVTYYTSFVVKDELWLVMKLLSGGSMLDIIKYIVNRGEHKNGVLEEAIIATILKEVLEGLDYLHRNGQIHRDLKAGNILLGEDGSVQIADFGVSAFLATGGDVTRNGTPCWMAPEVMEQVRGYDFKADMWSFGITAIELATGAAPYHKYPPMKVLMLTLQNDPPTLETGVEDKEMMKKYGKSFRKLLSLCLQKDPSKRPTAAELLKCKFFQKAKNREYLIEKLLT,00000000000000001110000010000000000001010000000000000000000000000000000000000000000001111110101100000000000000000000000000000000000000000001010110100000000001000000000000000000000000000000000000000000000000000000000000000000000000000000000000000000000000000000000000000000000000000000000000000
33,4XHO_A,KNMLLGGFDTGNIKAKISFLNEKGNIESFAIPTVIAEAPPAKIKDEDIELLHVRIISNSLDGDARSRAWYVGAYAKDQEDRQEPTVDEMSQKNKKLHLIPLFTSMAVAAARIGKEEVSVPFSGGMPILRGEEQILEMLYGEHTVEFLDGTYEGKKIKITINDGTMNVEGVSSVLAILFDIVNGEIVEVEGMDGESYAINDLGAGTSDNAFFEDGELNKKLSTNTDLGTNKYIDEILKNIKERFMENSPFKTREDFIQRLVMPEVEKMIEDDTYKPTFSVKWGPVKENVTDIVMDGMLKYAEDQKASLDKFWDKTNADKNIVVGGGVLFGYAGLRDLKEQDGFILPKNIQESAYFTSRSYLIANLLEQLN,000000000000110100000000000000000000000000000000000000000000000000000000000000000000000000000000000000000000000000000000000000000000000000000000000000000000000000000000000000000000000000000000000000001111100000000000000000000001000100000000000000000000100100011000000000000000000000000000000000000000000000000000000000000011101100000000000000000000000100000000000000000
34,5F1C_B,GSREFDQKIGVLNRLIQLLILGYIIGYVIIYQKGYQQFSTFNAATTTKVKGVVSTKNLSDDAFYPFLSDKTVYKRVWDIADIVVPPEESNQFFVTTNLIITPSQEIKTCPEDPSIKEAHCKSENDTTSCTAGKSIMIGNGVMTGRCVQAAKPQETLHVCEISGWCPVEQDYGPLKDGTPLLSDVQNFTVLIKNYIEFSLFHVRRSNLHDIENSTYLKYCRYHPEKDPHCPVFRIGDMVDAAGEDFDDVAAKGGVIQVLISWDCNLDYDVKYCIPNYSFLRLDDPKTVLAKGWNFRYPKYYNEKERSLVKAYGITFVILVQGRAGKLSPIPIAINIGSGLGLMVVATVLCDLVVLN,0000000000000000000000000000000000000000000000011100000000000000000000000000000000000000000000000000000000000000000000000000000000000000000000000000000000000000000000000100000000000000000111010000000000000000000000010000000000000000000000000000000000000000000000000000000000000000000000001000101000000000000010000000000000000000000000000000000000000000000
35,5A99_A,AYHGAPHEIRNRYQHDRALEILDRQYSRDSYIYAHLVLYMKDSSLQIIRAQNPRIISRSYNWDQLVLPNYRINDEKYYGRSELRHLRDGLLSDNGGRSQHDKGMNEPVSFQFIVQGDVDLGSVWFRVNKYNNISSSSFAMEAVSERAENYIGPLMRPIRYFDREMAWSYVGKFDGILFPCHPVISFAVQRANRDGAGLYNGENIYKTLIRLNDSPDLYAHYDDEETSVANYWTRFQYLYRTKCDIAV,1000000000000000000000000000000000000000000000000000000000000000000000000000000000000000000000000000000000000000000000000000000000000000000000000000000000000000000000000000000000000000000000000000000000000000000000000000000000000000000000000000000
36,4XRU_A,KNNTHHFPKLLILVGAPGSGKSTFARYFIRTEDNWVRVNRDDFRLQFGDSLSPFYEERITKVEASVIALLKNRTNVIIDATNSSLRSLQDVHTYTEYADISFKVFDLPVEELVKRCHVTQLQYTKEKFDFKPIPRALKETSLTYADQDTSLPKAVICDLDGTLSLLNGRDPYNASTADQDLLNTPVAVLKAKQQGYKVILLSGRENAYREPTERFLAKYQIDYDLLLRDTNDYRKDNIIKKELFLEEIQGKYFVEFLLDDRNQVVDWRRELALPCFQVNYGDF,0000000000000001111111100000000000000000000000000000000000000000000000000000000010000000000000000000000000000000001000000000000000000000000000000000000000000000000000000000000000000000000000000000000000000000000000000000000000000000000000000000000000000000000000000000000000000000000
37,5BUR_A,TEQPNWLMQRAQLTPERIALIYEDQTVTFAELFAASKRMAEQLAAHSVRKGDTAAILLQNRAEMVYAVHACFLLGVKAVLLNTKLSTHERLFQLEDSGSGFLLTDSSFEKKEYEHIVQTIDVDELMKEAAEEIEIEAYMQMDATATLMYTSGTTGKPKGVQQTFGNHYFSAVSSALNLGITEQDRWLIALPLFHISGLSALFKSVIYGMTVVLHQRFSVSDVLHSINRHEVTMISAVQTMLASLLEETNRCPESIRCILLGGGPAPLPLLEECREKGFPVFQSYGMTETCSQIVTLSPEFSMEKLGSAGKPLFSCEIKIERDGQVCEPYEHGEIMVKGPNVMKSYFNRESANEASFQNGWLKTGDLGYLDNEGFLYVLDRRSDLIISGGENIYPAEVESVLLSHPAVAEAGVSGAEDKGKVPHAYLVLHKPVSAGELTDYCKERLAKYKIPAKFFVLDRLPRNASNKLLRNQLKD,0000000000000000000000000000000000000000000000000000000000000000000000000000000000000000000000000000000000000000000000000000000000000000000000000000011111000100000000000000000000000000000000000000000000000000000000000000000000000000000000000000000000000000000001110000000000000000001111100000000000000000000000000000000000000000000000000000000000000000000000000000100000000000100100000000000000000000000000000000000000000000000000000000000000000000000000000000000000100000000
38,4XRU_B,MEDKTLIKKRIDWFCKNKINAFSPTISPAPKSVERNEIESLYEGILWFVLNGVKEIVIEKKYMGSYCDIYLHRRLEDTYLVSRNGYKINHLDQEQCLRALQGLHDRFSWDGVELRIIQSELMPWSILGKGLINNEFSAYYISHEIHAEYLVQSSLYEKLQKIQQEPAYLSFVADAKVLSAKELKDKYPMHIIRQYQSIRDFKFLDLPHYQQNIQLFKRQLDIFGKEAAPFFKPFNILKEVYTDGREHFVNDNLSFQQINDDDFLHYQFTDREDFEAKYPQIRAWVDQVNQSDEEGVVIKPRTAFLPGMPPAFKVRNNDYLTLVYGVDFEDRLQEQIAKRNIKGKLRCSINDWAINAKLLAIPYSELGEENYELKNLVLDRILGEEIENQLDSRL,0000000000000000000000001100000000000000000000000000000000111100010000000000000000100000000000000000000000000000000000010000000000000000000000000000000000000000000000000000000000000000000000000000000000000000000000000000000000000000010000000000000000000000000000000000000000000000000000000000010000100000000000001010000000000000000000000000000100000000000000000000000001010000000000000000000001
39,4ZS4_B,ISSETGEMGILWEFDPIINKWIRLSMKLKVERKPFAEGALREAYHTVSLGVGTDENYPLGTTTKLFPPIEMISPISKNNEAMTQLKNGTKFVLKLYKKEQQASRELYFEDVKMQMVCRDWGNKFNQKKPPKKIEFLMSWVVELIDRSPSSNGQPILCSIEPLLVGEFKKNNSNYGAVLTNRSTPQAFSHFTYELSNKQMIVVAIQGVDDLYTDPQIHTPDGKGFGLGNLGKAGINKFITTHKCNAVCALLDLDVKLG,00000000000000000000000000000000001101111000000000000000000000000000000000000000000000000001010000000000000000000000000000000000000000010000000000000000000000011110001000000000000000000000000000000000000010000001100000000000000000000000000000000000000000000
40,5D1O_A,DIPFDLIQERTGVPSSRLKVAFARGSLRLLESAGMQALLFKKPLGDLEAGTVIYLGDETEVIRGFPKIRRTLLLSPTIQEHFRDRVAVEEKMNGYNVRIACLSSGETVALTRGGHVCPFTTRKAQELLDLSEFFREHPDLVICGEMIGRDNPYVSQDYPEVGPLGFRVFDLREKNTNRPLPVEERRALLDSYGLPNVRLFGVYPIEEAASEVADIIRALGMAGREGVVMKDPSMEVPPLKYTSSQAHARELAYAFSYPFDFGRPFFFSRVIREGFQAYELDESDDETRERARRLGEAIIYPMLERIKSISAGEAAYEDTVIDVEDREAAEEFIRHLVRLGVSATLADYRDGRATIRRFYQSTTDRINNYLKGGLY,000000000000000000000000000000000000000000000000000000000000000010110100000000000000000011110001000000000000000100000000000000000000000000000000100000000000000000000000100000000000000000000000000010000000000000000000000000001001010000000001000000000000000000000000000000000000000000000000000000000000000000000000000000000000000000000000000000000000000000000000000000000000000
